"ID","post_author","post_date","post_date_gmt","post_content","post_title","post_excerpt","post_status","comment_status","ping_status","post_password","post_name","to_ping","pinged","post_modified","post_modified_gmt","post_content_filtered","post_parent","guid","menu_order","post_type","post_mime_type","comment_count"
"1012","2","2017-09-10 00:49:29","0000-00-00 00:00:00","Cet article a pour but de présenter la liste de toutes les divinités évoquées dans cette généalogie. Histoire d'avoir un point de vue général.

Le <a href=""http://www.genealogiedesdieuxgrecs.com/Genealogie_des_Dieux_grecs/2011/03/chaos/"">Chaos</a>, comme père de toute chose.

Les divinité primordiales:

<a href=""http://www.genealogiedesdieuxgrecs.com/Genealogie_des_Dieux_grecs/2011/03/nyx/"">Nyx</a>, <a href=""http://www.genealogiedesdieuxgrecs.com/Genealogie_des_Dieux_grecs/2011/03/erebe/"">Erèbe</a>, <a href=""http://www.genealogiedesdieuxgrecs.com/Genealogie_des_Dieux_grecs/2011/03/gaia/"">Gaïa</a>, <a href=""http://www.genealogiedesdieuxgrecs.com/Genealogie_des_Dieux_grecs/2011/03/ouranos/"">Ouranos</a>, <a href=""http://www.genealogiedesdieuxgrecs.com/Genealogie_des_Dieux_grecs/2011/03/aether/"">Aether</a>, <a href=""http://www.genealogiedesdieuxgrecs.com/Genealogie_des_Dieux_grecs/2011/03/hemera/"">Héméra</a>, <a href=""http://www.genealogiedesdieuxgrecs.com/Genealogie_des_Dieux_grecs/2011/03/pontos/"">Pontos</a>, <a href=""http://www.genealogiedesdieuxgrecs.com/Genealogie_des_Dieux_grecs/2011/03/phorcys/"">Phorcys</a>, <a href=""http://www.genealogiedesdieuxgrecs.com/Genealogie_des_Dieux_grecs/2011/03/ceto/"">Céto</a>.

&nbsp;

Les Dieux et Déesses:

<a href=""http://www.genealogiedesdieuxgrecs.com/Genealogie_des_Dieux_grecs/2011/03/zeus/"">Zeus</a> <a href=""http://www.genealogiedesdieuxgrecs.com/Genealogie_des_Dieux_grecs/2011/03/aphrodite/"">Aphrodite</a>  <a href=""http://www.genealogiedesdieuxgrecs.com/Genealogie_des_Dieux_grecs/2011/03/pan/"">Pan</a> <a href=""http://www.genealogiedesdieuxgrecs.com/Genealogie_des_Dieux_grecs/2011/03/hermes/"">Hermès</a> <a href=""http://www.genealogiedesdieuxgrecs.com/Genealogie_des_Dieux_grecs/2011/03/dionysos/"">Dionysos</a> <a href=""http://www.genealogiedesdieuxgrecs.com/Genealogie_des_Dieux_grecs/2011/03/apollon/"">Apollon</a> <a href=""http://www.genealogiedesdieuxgrecs.com/Genealogie_des_Dieux_grecs/2011/03/eole/"">Eole</a> <a href=""http://www.genealogiedesdieuxgrecs.com/Genealogie_des_Dieux_grecs/2011/03/hepha%C3%AFstos/"">Héphaïstos</a> <a href=""http://www.genealogiedesdieuxgrecs.com/Genealogie_des_Dieux_grecs/2011/03/hebe/"">Hébé</a> <a href=""http://www.genealogiedesdieuxgrecs.com/Genealogie_des_Dieux_grecs/2011/03/ilithye/"">Ilithye</a> <a href=""http://www.genealogiedesdieuxgrecs.com/Genealogie_des_Dieux_grecs/2011/03/ares/"">Arès</a> <a href=""http://www.genealogiedesdieuxgrecs.com/Genealogie_des_Dieux_grecs/2011/03/artemis/"">Artémis </a>

Les monstres:

<a href=""http://www.genealogiedesdieuxgrecs.com/Genealogie_des_Dieux_grecs/2011/03/hyades/"">Hyades</a>

Les Héros: <a href=""http://www.genealogiedesdieuxgrecs.com/Genealogie_des_Dieux_grecs/2011/03/bellerophon/"">Bellerophon</a>,

Les Titans:

Les autres:

<a href=""http://www.genealogiedesdieuxgrecs.com/Genealogie_des_Dieux_grecs/2011/03/deucalion/"">Deucalion</a> <a href=""http://www.genealogiedesdieuxgrecs.com/Genealogie_des_Dieux_grecs/2011/03/pyrrha/"">Pyrrha</a> <a href=""http://www.genealogiedesdieuxgrecs.com/Genealogie_des_Dieux_grecs/2011/03/sisyphe/"">Sisyphe</a> <a href=""http://www.genealogiedesdieuxgrecs.com/Genealogie_des_Dieux_grecs/2011/03/merope/"">Mérope</a> <a href=""http://www.genealogiedesdieuxgrecs.com/Genealogie_des_Dieux_grecs/2011/03/pleiades/"">Pléiades</a> <a href=""http://www.genealogiedesdieuxgrecs.com/Genealogie_des_Dieux_grecs/2011/03/asclepios/"">Asclépios</a> <a href=""http://www.genealogiedesdieuxgrecs.com/Genealogie_des_Dieux_grecs/2011/03/epimethee/"">Epiméthée</a> <a href=""http://www.genealogiedesdieuxgrecs.com/Genealogie_des_Dieux_grecs/2011/03/pandore/"">Pandore</a> <a href=""http://www.genealogiedesdieuxgrecs.com/Genealogie_des_Dieux_grecs/2011/03/promethee/"">Prométhée</a> <a href=""http://www.genealogiedesdieuxgrecs.com/Genealogie_des_Dieux_grecs/2011/03/athena/"">Athéna</a> <a href=""http://www.genealogiedesdieuxgrecs.com/Genealogie_des_Dieux_grecs/2011/03/heracles/"">Héraclès</a> <a href=""http://www.genealogiedesdieuxgrecs.com/Genealogie_des_Dieux_grecs/2011/03/hecate/"">Hécate</a> <a href=""http://www.genealogiedesdieuxgrecs.com/Genealogie_des_Dieux_grecs/2011/03/persephone/"">Perséphone</a> <a href=""http://www.genealogiedesdieuxgrecs.com/Genealogie_des_Dieux_grecs/2011/03/atlas/"">Atlas</a> <a href=""http://www.genealogiedesdieuxgrecs.com/Genealogie_des_Dieux_grecs/2011/03/clymene/"">Clyméné</a> <a href=""http://www.genealogiedesdieuxgrecs.com/Genealogie_des_Dieux_grecs/2011/03/metis/"">Métis</a> <a href=""http://www.genealogiedesdieuxgrecs.com/Genealogie_des_Dieux_grecs/2011/03/leto/"">Léto</a> <a href=""http://www.genealogiedesdieuxgrecs.com/Genealogie_des_Dieux_grecs/2011/03/demeter/"">Déméter</a> <a href=""http://www.genealogiedesdieuxgrecs.com/Genealogie_des_Dieux_grecs/2011/03/hera/"">Héra</a> <a href=""http://www.genealogiedesdieuxgrecs.com/Genealogie_des_Dieux_grecs/2011/03/pose%C3%AFdon/"">Poséïdon</a> <a href=""http://www.genealogiedesdieuxgrecs.com/Genealogie_des_Dieux_grecs/2011/03/uranie/"">Uranie</a> <a href=""http://www.genealogiedesdieuxgrecs.com/Genealogie_des_Dieux_grecs/2011/03/thalie/"">Thalie</a> <a href=""http://www.genealogiedesdieuxgrecs.com/Genealogie_des_Dieux_grecs/2011/03/hades/"">Hades</a> <a href=""http://www.genealogiedesdieuxgrecs.com/Genealogie_des_Dieux_grecs/2011/03/terpsichore/"">Terpsichore</a> <a href=""http://www.genealogiedesdieuxgrecs.com/Genealogie_des_Dieux_grecs/2011/03/polymnie/"">Polymnie</a> <a href=""http://www.genealogiedesdieuxgrecs.com/Genealogie_des_Dieux_grecs/2011/03/asteria/"">Astéria</a> <a href=""http://www.genealogiedesdieuxgrecs.com/Genealogie_des_Dieux_grecs/2011/03/melpomene/"">Melpomene</a> <a href=""http://www.genealogiedesdieuxgrecs.com/Genealogie_des_Dieux_grecs/2011/03/hestia/"">Hestia</a> <a href=""http://www.genealogiedesdieuxgrecs.com/Genealogie_des_Dieux_grecs/2011/03/euterpe/"">Euterpe</a> <a href=""http://www.genealogiedesdieuxgrecs.com/Genealogie_des_Dieux_grecs/2011/03/erato/"">Erato</a> <a href=""http://www.genealogiedesdieuxgrecs.com/Genealogie_des_Dieux_grecs/2011/03/clio/"">Clio</a> <a href=""http://www.genealogiedesdieuxgrecs.com/Genealogie_des_Dieux_grecs/2011/03/calliope/"">Calliope</a> <a href=""http://www.genealogiedesdieuxgrecs.com/Genealogie_des_Dieux_grecs/2011/03/japet/"">Japet</a> <a href=""http://www.genealogiedesdieuxgrecs.com/Genealogie_des_Dieux_grecs/2011/03/themis/"">Thémis</a> <a href=""http://www.genealogiedesdieuxgrecs.com/Genealogie_des_Dieux_grecs/2011/03/tethys/"">Téthys</a> <a href=""http://www.genealogiedesdieuxgrecs.com/Genealogie_des_Dieux_grecs/2011/03/ocean/"">Océan</a> <a href=""http://www.genealogiedesdieuxgrecs.com/Genealogie_des_Dieux_grecs/2011/03/coeos/"">Coéos</a> <a href=""http://www.genealogiedesdieuxgrecs.com/Genealogie_des_Dieux_grecs/2011/03/coeos/"">Coéos</a> <a href=""http://www.genealogiedesdieuxgrecs.com/Genealogie_des_Dieux_grecs/2011/03/pheobe/"">Pheobe</a> <a href=""http://www.genealogiedesdieuxgrecs.com/Genealogie_des_Dieux_grecs/2011/03/thanatos/"">Thanatos</a> <a href=""http://www.genealogiedesdieuxgrecs.com/Genealogie_des_Dieux_grecs/2011/03/philotes/"">Philotès</a> <a href=""http://www.genealogiedesdieuxgrecs.com/Genealogie_des_Dieux_grecs/2011/03/eos/"">Éos</a> <a href=""http://www.genealogiedesdieuxgrecs.com/Genealogie_des_Dieux_grecs/2011/03/selene/"">Séléné</a> <a href=""http://www.genealogiedesdieuxgrecs.com/Genealogie_des_Dieux_grecs/2011/03/helios/"">Hélios</a> <a href=""http://www.genealogiedesdieuxgrecs.com/Genealogie_des_Dieux_grecs/2011/03/rhea/"">Rhéa</a> <a href=""http://www.genealogiedesdieuxgrecs.com/Genealogie_des_Dieux_grecs/2011/03/cronos/"">Cronos</a> <a href=""http://www.genealogiedesdieuxgrecs.com/Genealogie_des_Dieux_grecs/2011/03/les-hesperides/"">Les Hespérides</a> <a href=""http://www.genealogiedesdieuxgrecs.com/Genealogie_des_Dieux_grecs/2011/03/oizes/"">Oizès</a> <a href=""http://www.genealogiedesdieuxgrecs.com/Genealogie_des_Dieux_grecs/2011/03/nemesis/"">Némésis</a> <a href=""http://www.genealogiedesdieuxgrecs.com/Genealogie_des_Dieux_grecs/2011/03/moros/"">Moros</a> <a href=""http://www.genealogiedesdieuxgrecs.com/Genealogie_des_Dieux_grecs/2011/03/les-geants/"">Les Géants</a> <a href=""http://www.genealogiedesdieuxgrecs.com/Genealogie_des_Dieux_grecs/2011/03/momos/"">Momos</a> <a href=""http://www.genealogiedesdieuxgrecs.com/Genealogie_des_Dieux_grecs/2011/03/eros/"">Eros</a> <a href=""http://www.genealogiedesdieuxgrecs.com/Genealogie_des_Dieux_grecs/2011/03/moires/"">Moires</a> <a href=""http://www.genealogiedesdieuxgrecs.com/Genealogie_des_Dieux_grecs/2011/03/charon/"">Charon</a> <a href=""http://www.genealogiedesdieuxgrecs.com/Genealogie_des_Dieux_grecs/2011/03/mo%C3%AFra/"">Moïra</a> <a href=""http://www.genealogiedesdieuxgrecs.com/Genealogie_des_Dieux_grecs/2011/03/hyperion/"">Hypérion</a> <a href=""http://www.genealogiedesdieuxgrecs.com/Genealogie_des_Dieux_grecs/2011/03/theia/"">Théia</a> <a href=""http://www.genealogiedesdieuxgrecs.com/Genealogie_des_Dieux_grecs/2011/03/lyssa/"">Lyssa</a> <a href=""http://www.genealogiedesdieuxgrecs.com/Genealogie_des_Dieux_grecs/2011/03/crios/"">Crios</a> <a href=""http://www.genealogiedesdieuxgrecs.com/Genealogie_des_Dieux_grecs/2011/03/les-mille-oneiroi/"">Les mille Oneiroi</a> <a href=""http://www.genealogiedesdieuxgrecs.com/Genealogie_des_Dieux_grecs/2011/03/hypnos/"">Hypnos</a> <a href=""http://www.genealogiedesdieuxgrecs.com/Genealogie_des_Dieux_grecs/2011/03/mnemosyne/"">Mnémosyne</a> <a href=""http://www.genealogiedesdieuxgrecs.com/Genealogie_des_Dieux_grecs/2011/03/keres/"">Kères</a> <a href=""http://www.genealogiedesdieuxgrecs.com/Genealogie_des_Dieux_grecs/2011/03/geras/"">Géras</a> <a href=""http://www.genealogiedesdieuxgrecs.com/Genealogie_des_Dieux_grecs/2011/03/les-hecatonchires/"">Les Hécatonchires</a> <a href=""http://www.genealogiedesdieuxgrecs.com/Genealogie_des_Dieux_grecs/2011/03/les-cyclopes/"">Les Cyclopes</a> <a href=""http://www.genealogiedesdieuxgrecs.com/Genealogie_des_Dieux_grecs/2011/03/les-gorgones/"">Les Gorgones</a> <a href=""http://www.genealogiedesdieuxgrecs.com/Genealogie_des_Dieux_grecs/2011/03/dolos/"">Dolos</a> <a href=""http://www.genealogiedesdieuxgrecs.com/Genealogie_des_Dieux_grecs/2011/03/les%20meliades/"">Les Méliades</a> <a href=""http://www.genealogiedesdieuxgrecs.com/Genealogie_des_Dieux_grecs/2011/03/les%20erinynes/"">Les Erinynes</a> <a href=""http://www.genealogiedesdieuxgrecs.com/Genealogie_des_Dieux_grecs/2011/03/hemera/"">Héméra</a> <a href=""http://www.genealogiedesdieuxgrecs.com/Genealogie_des_Dieux_grecs/2011/03/aether/"">Æther</a> <a href=""http://www.genealogiedesdieuxgrecs.com/Genealogie_des_Dieux_grecs/2011/03/eris/"">Eris</a> <a href=""http://www.genealogiedesdieuxgrecs.com/Genealogie_des_Dieux_grecs/2011/03/apate/"">Apaté</a> <a href=""http://www.genealogiedesdieuxgrecs.com/Genealogie_des_Dieux_grecs/2011/03/ceto/"">Ceto</a> <a href=""http://www.genealogiedesdieuxgrecs.com/Genealogie_des_Dieux_grecs/2011/03/phorcys/"">Phorcys</a> <a href=""http://www.genealogiedesdieuxgrecs.com/Genealogie_des_Dieux_grecs/2011/03/pontos/"">Pontos</a> <a href=""http://www.genealogiedesdieuxgrecs.com/Genealogie_des_Dieux_grecs/2011/03/ouranos/"">Ouranos</a> <a href=""http://www.genealogiedesdieuxgrecs.com/Genealogie_des_Dieux_grecs/2011/03/ga%C3%AFa/"">Gaïa</a> <a href=""http://www.genealogiedesdieuxgrecs.com/Genealogie_des_Dieux_grecs/2011/03/erebe/"">Erèbe</a> <a href=""http://www.genealogiedesdieuxgrecs.com/Genealogie_des_Dieux_grecs/2011/03/nyx/"">Nyx</a> <a href=""http://www.genealogiedesdieuxgrecs.com/Genealogie_des_Dieux_grecs/2011/03/chaos/"">Chaos</a>

&nbsp;

&nbsp;

&nbsp;","Liste exhaustive des divinités citées dans ce site:",,"draft","closed","open",,"liste-exhaustive-des-divinites-citees-dans-ce-site",,,"2017-09-10 00:49:29","0000-00-00 00:00:00",,"0","http://www.genealogiedesdieuxgrecs.com/Genealogie_des_Dieux_grecs/?p=1012","0","post",,"0"
"1142","2","2018-05-13 19:19:27","0000-00-00 00:00:00","&nbsp;

Dans la mythologie grecque, de nombreux peuples grecs sont cités. Parmi ces peuples certains semblent avoir exsité, d'autres n'ont pas laissé de traces. Les peuples cités ici sont les peuples principaux de la mythologie grecques. La liste est non exhaustive. Les descriptions sont formalisées de manière très personnelle.

<strong>ABANTES</strong>
<strong>Peuple de l'île d'Eubée qui a pris part à la guerre de Troie en tant qu'alliés des grecs.</strong>
<strong>AMAZONES</strong>
<strong>Peuple mythique de femmes guerrières qui venait du Caucase.</strong>
ARGIENS
Habitants d'Argos
<strong>ARISMASPES</strong>
<strong>Peuple légendaire de Scythie, au-delà des monts hyperboréens qui luttaient contre les Griffons, gardiens des trésors d'Apollon.</strong>
BISALTES
Habitants de la Bislatie , région de Macédoine, dont le nom vient de Bisaltès, fils d'Hélios et de Gaïa.
CIMMERIENS
Peuple de l'Antiquité mentionné par Homère qui habitait aux confins de la terre à l'Ouest, sur le rivage de l'Océan, où le soleil ne luit pas, et il vivait dans une nuit éternelle.
COLCHIDIENS
Habitants de la Colchide, le royaume d'Aétès et de Médée, située sur la cote orientale de la mer noire. Jason et les Argonautes allèrent y chercher la Toison d'or.
CRETOIS
Habitants de la Crète.
LESTRYGONS
Peuple de géants qui attaqua la flotte d'Ulysse avec des rochers; Seul Ulysse, amarré plus au large, parvient à s'échapper avec son équipage.
LIGURES
x
LOTOPHAGES
Après avoir été mis en déroute par les Cicones, la flotte d'Ulysse essuya une tempête qui les envoya chez les Lotophages, mangeurs de fleurs de lotus. Certains des compagnons d'Ulysse perdirent la mémoire après en avoir consommé.
MESSENIENS
Habitants de la Messénie, au Sud-Ouest du Peloponnèse.
PHENICIENS
Habitants de la Phénicie dont le nom signifie ""pays de la pourpre"" et qui correspondant actuellement au Liban. Ce sont les Cananéens de la Bible, connus pour leur artisanat et leur habileté dans le commerce maritime.
THRACES
Peuple du nord des balkans

Sur le web vous pouvez trouver des listes <a href=""https://mythologica.fr/grec/geo/peuples.htm"">beaucoup plus exhaustive</a>.

&nbsp;

Mycenaeans
Minoans","Les peuples de la mythologie grecque",,"draft","closed","open",,"les-peuples-mythologie-grecque",,,"2018-05-13 19:19:27","0000-00-00 00:00:00",,"0","http://www.genealogiedesdieuxgrecs.com/Genealogie_des_Dieux_grecs/?p=1142","0","post",,"0"
"1327","2","2017-11-02 19:26:08","0000-00-00 00:00:00","Quand je raconte la vie de Jason, j'exagère. En fait, la partie la plus marrante est certainement la quête de la toison d'or. Qui étant donné l'enjolivement de l'histoire pour certains fait, en tout cas le grossissement, n'était peut être finalement qu'un tapis vachement classe.

Peu importe ce que c'était, ce n'est pas le but du chemin qui est intéressant, mais le chemin lui même. Sa quête en gros pour ceux qui ne comprennent rien. test","Jason et la toison d'or, en vrai",,"draft","closed","open",,"jason-et-la-toison-dor-en-vrai",,,"2017-11-02 19:26:08","0000-00-00 00:00:00",,"0","http://www.genealogiedesdieuxgrecs.com/Genealogie_des_Dieux_grecs/?p=1327","0","post",,"0"
"1375","2","2015-12-03 01:31:28","0000-00-00 00:00:00","Zeus est le plus gros dragueur de l'Olympe. Il a eu de nombreuses aventures, beaucoup furent facilitées par des ruses plus ou moins habiles, mais toujours fructueuses et une descendance en conséquence.

En détail, le but de cet article est de présenter :
<ul>
	<li>ses <strong>gonzesses</strong>: la liste la plus complète possible des aventures de Zeus, avec les Déesses, les nymphes, les mortelles et d'autres personnalités de la mythologie grecque,</li>
</ul>
<ul>
	<li>sa <strong>descendance</strong>, autrement dit les mômes qu'il a fait avec toutes ces nanas,</li>
</ul>
<ul>
	<li>la <strong>ruse </strong>employée à chaque fois pour arriver à ses fins, si tant est qu'il en ait eu besoin et</li>
</ul>
<ul>
	<li>la <strong>grossesse</strong> et/ou l'<strong>enfantement.</strong></li>
</ul>
Pour ces deux derniers points, ils sont mentionnés si ils sont connus.
<h4>Métis : Athéna</h4>
[column size=""1-2"" last=""0"" style=""0""]

<a title=""Métis"" href=""http://www.genealogiedesdieuxgrecs.com/Genealogie_des_Dieux_grecs/2011/03/metis/"">Métis</a> est une océanide, un genre de <a title=""Nymphe"" href=""http://www.genealogiedesdieuxgrecs.com/Genealogie_des_Dieux_grecs/category/les-divinites-grecques/nymphes/"">Nymphe</a> aquatique. On peut imaginer par exemple une belle nana à poil sous un paréo transparent et trempé en train de glander au bord de l'eau. Elle est la première femme de <a title=""Zeus"" href=""http://www.genealogiedesdieuxgrecs.com/Genealogie_des_Dieux_grecs/2011/03/zeus/"">Zeus</a>. <a title=""Ouranos"" href=""http://www.genealogiedesdieuxgrecs.com/Genealogie_des_Dieux_grecs/2011/03/ouranos/"">Ouranos</a> et <a title=""Gaïa"" href=""http://www.genealogiedesdieuxgrecs.com/Genealogie_des_Dieux_grecs/2011/03/gaia/"">Gaïa</a>, les grands parents de Métis, prédisent à Zeus qu'un des fils de Métis le destituera. Pour s'en protéger, <span title=""Zeus"">il</span> la bouffe. Sans être ni mâchée, ni digérée, Métis se retrouve enfermée au fond des entrailles de <a title=""Zeus"" href=""http://www.genealogiedesdieuxgrecs.com/Genealogie_des_Dieux_grecs/2011/03/zeus/"">Zeus</a>. Entre parenthèse, sa présence en son sein lui donne la faculté de savoir différencier le Bien du Mal. Or il la mange alors qu'elle est enceinte de <a title=""Zeus"" href=""http://www.genealogiedesdieuxgrecs.com/Genealogie_des_Dieux_grecs/2011/03/zeus/"">lui</a>... Lorsque la grossesse arrive à son terme, c'est <a title=""Zeus"" href=""http://www.genealogiedesdieuxgrecs.com/Genealogie_des_Dieux_grecs/2011/03/zeus/"">lui</a> qui accouche de la fille de <a title=""Métis"" href=""http://www.genealogiedesdieuxgrecs.com/Genealogie_des_Dieux_grecs/2011/03/metis/"">Métis</a>, <a title=""Athéna"" href=""http://www.genealogiedesdieuxgrecs.com/Genealogie_des_Dieux_grecs/2011/03/athena/"">Athéna</a>, par le crâne. Elle nait vêtue et armée!

[/column]
[column size=""1-2"" last=""1"" style=""0""]<img class=""aligncenter size-medium wp-image-806"" src=""http://www.genealogiedesdieuxgrecs.com/Genealogie_des_Dieux_grecs/wp-content/uploads/Athena-naissance-Zeus-300x209.jpg"" alt=""Athena naissance de Zeus"" width=""317"" height=""220"" />[/column]
<h4><a title=""Thémis "" href=""http://www.genealogiedesdieuxgrecs.com/Genealogie_des_Dieux_grecs/2011/03/themis/"">Thémis </a>: <a title=""Moira"" href=""http://www.genealogiedesdieuxgrecs.com/Genealogie_des_Dieux_grecs/2011/03/moira/"">Moira</a>, Horai</h4>
La descendance de <a title=""Zeus"" href=""http://www.genealogiedesdieuxgrecs.com/Genealogie_des_Dieux_grecs/2011/03/zeus/"">Zeus</a> avec cette titanide est peu précise. Horai signifie les Heures, elles sont six. Morai sont les <a title=""Les Moires"" href=""http://www.genealogiedesdieuxgrecs.com/Genealogie_des_Dieux_grecs/2011/03/moires/"">Moires</a>, les trois tisseuses du destin. L'ascendance de <a title=""Zeus"" href=""http://www.genealogiedesdieuxgrecs.com/Genealogie_des_Dieux_grecs/2011/03/zeus/"">Zeus</a> est d'ailleurs plus ou moins contestée...
<h4>Eurynome : Charites</h4>
[column size=""1-2"" last=""0"" style=""0""]

<img class=""aligncenter size-medium wp-image-810"" src=""http://www.genealogiedesdieuxgrecs.com/Genealogie_des_Dieux_grecs/wp-content/uploads/Les-Trois-Grâces-Raphaël-298x300.jpg"" alt=""Les Trois Grâces (Raphaël)"" width=""298"" height=""300"" />

[/column]
[column size=""1-2"" last=""1"" style=""0""]Aglaé, Euphrosyne et Thalie sont les Charites, les trois enfants que <a title=""Zeus"" href=""http://www.genealogiedesdieuxgrecs.com/Genealogie_des_Dieux_grecs/2011/03/zeus/"">Zeus</a> a eu avec cette océanide, fille d'<a title=""Océan"" href=""http://www.genealogiedesdieuxgrecs.com/Genealogie_des_Dieux_grecs/2011/03/ocean/"">Océan</a> et Téthis. Elle est aussi sa troisième compagne. Elles incarnent la vie dans son sens entier et plein, la séduction, la nature, la créativité. Elles sont souvent associées, aux trois grâces représentées dans ce tableau de Raphaël. Ce tableau est avant tout une référence à leur <em>alter ego</em> romaine.

[/column]
<h4>Sémélé (Thyone) : Dionysos</h4>
Sémélé est une prêtresse entièrement dévouée à <a title=""Zeus"" href=""http://www.genealogiedesdieuxgrecs.com/Genealogie_des_Dieux_grecs/2011/03/zeus/"">Zeus</a>. Un jour, elle sacrifie un taureau sur l'autel. Pleine de sang du taureau, elle va se baigner dans un fleuve, l'Asopos, qui est lui même l'enfant de Titans, ou de Dieux, les versions diffèrent selon les auteurs. Alors qu'elle nage dans ce fleuve pour se laver de tout le sang, <a title=""Zeus"" href=""http://www.genealogiedesdieuxgrecs.com/Genealogie_des_Dieux_grecs/2011/03/zeus/"">Zeus</a>, déguisé en aigle assiste à ce spectacle. Plus prosaïquement, il la mate en train de se baigner toute nue et de se savonner le corps. Quoi de plus naturel finalement que de reluquer une jolie gonzesse qui barbote à poil? Mais c'est un peu oublier le coté assez élaboré de la combine de l'aigle. Il y a malgré tout un aspect voyeuriste qui reste assez flagrant. Pour faire court, il tombe immédiatement amoureux d'elle. Par la suite, ils se voient secrètement, si bien qu'elle tombe enceinte...

<a title=""Héra"" href=""http://www.genealogiedesdieuxgrecs.com/Genealogie_des_Dieux_grecs/2011/03/hera/"">Héra</a>, de son coté commence à avoir de gros doutes sur son mec et cette prêtresse. Pour investiguer plus avant, elle prend forme humaine et devient copine avec Sémélé. Pour punir cette petite salope d'avoir baisé avec son mec, elle élabore un stratagème destiné à punir cette grognasse de  prêtresse. Elle tente alors de la convaincre de demander à <a title=""Zeus"" href=""http://www.genealogiedesdieuxgrecs.com/Genealogie_des_Dieux_grecs/2011/03/zeus/"">Zeus</a> de se montrer à elle (Sémélé) tel qu'il est, de lui présenter sa véritable image. Sémélé qui pète de trouille à l'idée de le voir, se laisse convaincre par Héra. Lorsque Sémélé et Zeus se revoient, elle entreprend de lui demander de se révéler tel qu'il est. Il refuse, elle insiste, il lui dit qu'elle est lourdingue, elle en remet une couche, le supplie et ce, jusqu'à ce qu'il craque. Ce qu'il fait. Mais dans une faible mesure. Il lui dévoile une petite partie de sa véritable image dont la puissance tue immédiatement la prêtresse. <a title=""Zeus"" href=""http://www.genealogiedesdieuxgrecs.com/Genealogie_des_Dieux_grecs/2011/03/zeus/"">Zeus</a> s'empresse alors de sauver son enfant, <a title=""Dionysos"" href=""http://www.genealogiedesdieuxgrecs.com/Genealogie_des_Dieux_grecs/2011/03/dionysos/"">Dionysos</a>, encore un fœtus, en se l'implantant dans la cuisse. <a title=""Dionysos"" href=""http://www.genealogiedesdieuxgrecs.com/Genealogie_des_Dieux_grecs/2011/03/dionysos/"">Dionysos</a> est le seul Dieux né d'une mortelle.
<h4>Maia : <a title=""Hermes"" href=""http://www.genealogiedesdieuxgrecs.com/Genealogie_des_Dieux_grecs/2011/03/hermes/"">Hermes</a></h4>
Atlas et Pléioné ont engendré les <a title=""Les Pléiades"" href=""http://www.genealogiedesdieuxgrecs.com/Genealogie_des_Dieux_grecs/2011/03/pleiades/"">Pléiades</a>. Maïa est leur ainée. Zeus la séduit et Hermès naitra de leur union. Maïa est de plus la nourrice d'Arcas, autre enfant de Zeus, né de Callysto.
<h4>Leto : Artemis et Apollon</h4>
Comme représenté dans la généalogie, <a title=""Artemis "" href=""http://www.genealogiedesdieuxgrecs.com/Genealogie_des_Dieux_grecs/2011/03/artemis/"">Artemis</a> et <a title=""Apollon"" href=""http://www.genealogiedesdieuxgrecs.com/Genealogie_des_Dieux_grecs/2011/03/apollon/"">Apollon</a> sont les enfants de <a title=""Zeus "" href=""http://www.genealogiedesdieuxgrecs.com/Genealogie_des_Dieux_grecs/2011/03/zeus/"">Zeus </a>et <a title=""Leto "" href=""http://www.genealogiedesdieuxgrecs.com/Genealogie_des_Dieux_grecs/2011/03/leto/"">Leto</a>.
<h4>Démeter : Perséphone</h4>
<a title=""Déméter"" href=""http://www.genealogiedesdieuxgrecs.com/Genealogie_des_Dieux_grecs/2011/03/demeter/"">Déméter</a>, cette déesse des moissons puis des saisons a eu <a title=""Perséphone"" href=""http://www.genealogiedesdieuxgrecs.com/Genealogie_des_Dieux_grecs/2011/03/persephone/"">Perséphone</a> avec <a title=""Zeus"" href=""http://www.genealogiedesdieuxgrecs.com/Genealogie_des_Dieux_grecs/2011/03/zeus/"">Zeus</a>.
<h4>Héra : Héphaistos, Ares, Hebe</h4>
<a title=""Héra "" href=""http://www.genealogiedesdieuxgrecs.com/Genealogie_des_Dieux_grecs/2011/03/hera/"">Héra</a>, elle est la sœur et la femme de <a title=""Zeus "" href=""http://www.genealogiedesdieuxgrecs.com/Genealogie_des_Dieux_grecs/2011/03/zeus/"">Zeus</a>. Elle est d'une nature particulièrement jalouse, elle donne à Zeus trois enfants:
<ul>
	<li><a title=""Héphaistos"" href=""http://www.genealogiedesdieuxgrecs.com/Genealogie_des_Dieux_grecs/2011/03/hephaistos/"">Héphaistos</a>: le dieu du feu, des forges et des volcans</li>
	<li><a title=""Ares"" href=""http://www.genealogiedesdieuxgrecs.com/Genealogie_des_Dieux_grecs/2011/03/ares/"">Ares</a>: le Dieu de la guerre, de la brutalité, du carnage et de la destruction</li>
	<li><a title=""Hebe"" href=""http://www.genealogiedesdieuxgrecs.com/Genealogie_des_Dieux_grecs/2011/03/hebe/"">Hebe</a>: Déesse de la Jeunesse, de la Vitalité et de la Vigueur des jeunes, elle est aussi la protectrice des jeunes mariés</li>
</ul>
<h4>Mnémosyne: les muses</h4>
<a title=""Mnémosyne "" href=""http://www.genealogiedesdieuxgrecs.com/Genealogie_des_Dieux_grecs/2011/03/mnemosyne/"">Mnémosyne</a> est la mère, grâce à <a title=""Zeus "" href=""http://www.genealogiedesdieuxgrecs.com/Genealogie_des_Dieux_grecs/2011/03/zeus/"">Zeus</a>, des <a title=""Les Muses"" href=""http://www.genealogiedesdieuxgrecs.com/Genealogie_des_Dieux_grecs/category/les-divinites-grecques/nymphes/muse/"">Muses</a>.
<h4>Electre : Dardanos, Iasion</h4>
Cette pléiade fille d'<a title=""Atlas"" href=""http://www.genealogiedesdieuxgrecs.com/Genealogie_des_Dieux_grecs/2011/03/atlas/"">Atlas</a> et Pléioné a eu deux enfants avec <a title=""Zeus "" href=""http://www.genealogiedesdieuxgrecs.com/Genealogie_des_Dieux_grecs/2011/03/zeus/"">Zeus</a>: Daradanos et Iasion. Le premier a eu une vie assez terrestre, même s'il a été le roi de Samothrace et a mené des guerres, assez ""normal"" finalement pour un fils de Dieu. Il est l'ainé de la lignée des dirigeants de Troie, lui-même arrière grand père de Priam le dernier Roi de Troie. Le deuxième a scellé son destin en draguant <a title=""Déméter"" href=""http://www.genealogiedesdieuxgrecs.com/Genealogie_des_Dieux_grecs/2011/03/demeter/"">Déméter</a>. Zeus, courroucé, lui a défoncé la gueule à coup d'éclairs.
<h4>Égine: Aiakos ou Éaque</h4>
Egine est une nymphe, fille du fleuve Asopos. <a title=""Zeus "" href=""http://www.genealogiedesdieuxgrecs.com/Genealogie_des_Dieux_grecs/2011/03/zeus/"">Zeus</a> tombe sous son charme et l'enlève déguisé en aigle, pour la déposer sur une île qui prendra son nom. Elle y donnera naissance à Éaque, roi des Myrmidons, fourmis transformées en homme par son <a title=""Zeus"" href=""http://www.genealogiedesdieuxgrecs.com/Genealogie_des_Dieux_grecs/2011/03/zeus/"">père</a> car il se sent un peu seul et s'en plein auprès de ce dernier.
<h4>Io : Epaphus</h4>
Quoi de plus simple pour tromper sa compagne que de transformer son amante en vache. L'explication en vidéo:
<iframe src=""http://www.youtube.com/embed/QM8ZAJmpFQc"" width=""420"" height=""315"" frameborder=""0"" allowfullscreen=""allowfullscreen""></iframe>
<h4>Callisto : Arcas</h4>
Cette Nymphe connue pour sa grande beauté, était une des suivantes d'Artémis. Ce statut exigeait d'elle qu'elle fasse vœu de chasteté (comme <a title=""Athéna"" href=""http://www.genealogiedesdieuxgrecs.com/Genealogie_des_Dieux_grecs/2011/03/athena/"">Athéna</a> et <a title=""Hestia"" href=""http://www.genealogiedesdieuxgrecs.com/Genealogie_des_Dieux_grecs/2011/03/hestia/"">Hestia</a>). Vœu trop optimiste pour l'époque. <a title=""Zeus "" href=""http://www.genealogiedesdieuxgrecs.com/Genealogie_des_Dieux_grecs/2011/03/zeus/"">Zeus</a>, père d'<a title=""Artémis"" href=""http://www.genealogiedesdieuxgrecs.com/Genealogie_des_Dieux_grecs/2011/03/artemis/"">Artémis</a>, aperçoit la jolie Nymphe et décide de la séduire (sauter). Pour ce faire, il l’approche en se déguisant en <a title=""Apollon "" href=""http://www.genealogiedesdieuxgrecs.com/Genealogie_des_Dieux_grecs/2011/03/apollon/"">Apollon </a>ou en Artémis, selon les versions. Elle tombe alors enceinte et se retrouve coincée face à sa promesse faite à <a title=""Artémis"" href=""http://www.genealogiedesdieuxgrecs.com/Genealogie_des_Dieux_grecs/2011/03/artemis/"">Artémis</a> de rester vierge... Peu après alors qu'elle se baigne, elle se fait griller, puis balancer, très à la mode à l'époque. Héra, bizarrement la sauve en la transformant en ourse, condamnée à errer dans les forêts. Plus tard, lors d'une chasse Artémis tue l'ourse d'une de ses flèches. Zeus envoie alors Hermès pour sauver l'enfant, nommé Arcas. Callisto et Arcas sont alors transformés en constellation: la Grande Ourse et la petite Ourse respectivement.
<h4>Thyia : Magnes, Makedon</h4>
Thyia est la fille de<a title=""Pyrrha"" href=""http://www.genealogiedesdieuxgrecs.com/Genealogie_des_Dieux_grecs/2011/03/pyrrha/""> Pyrrha</a> et <a title=""Deucalion"" href=""http://www.genealogiedesdieuxgrecs.com/Genealogie_des_Dieux_grecs/2011/03/deucalion/"">Deucalion</a>, les parents des <a title=""hommes"" href=""http://www.genealogiedesdieuxgrecs.com/Genealogie_des_Dieux_grecs/2011/03/les-hommes/"">hommes</a>. Magnes et Makedon sont les deux enfants qu'elle a eut de Zeus. Magnes a été roi d'une province orientale de la Grèce actuelle. Makedon serait l'ancêtre des macédoniens, anciennement les Thrace.
<h4>Pandore: Graecus</h4>
Pandore, fille de <a title=""Pyrrha"" href=""http://www.genealogiedesdieuxgrecs.com/Genealogie_des_Dieux_grecs/2011/03/pyrrha/""> Pyrrha</a> et <a title=""Deucalion"" href=""http://www.genealogiedesdieuxgrecs.com/Genealogie_des_Dieux_grecs/2011/03/deucalion/"">Deucalion</a>, petite fille de la <a title=""Pandore"" href=""http://www.genealogiedesdieuxgrecs.com/Genealogie_des_Dieux_grecs/2011/03/pandore/"">Pandore</a>, celle avec la boite, nommée après sa grand mère est la mère de Graecus, l'un des fondateurs de la nation hellène.
<h4>Protogeneia: Aethlius, Opus et Aetolus</h4>
Protogeneia est une des filles de <a title=""Pyrrha"" href=""http://www.genealogiedesdieuxgrecs.com/Genealogie_des_Dieux_grecs/2011/03/pyrrha/"">Pyrrha</a> et <a title=""Deucalion"" href=""http://www.genealogiedesdieuxgrecs.com/Genealogie_des_Dieux_grecs/2011/03/deucalion/"">Deucalion</a>. Elle est mariée à Locrus, mais n'a aucun enfant de lui. Zeus passant par là lui fait trois mômes: Aethlius, Opus et Aetolus.
<h4>Cassiopée: Atymnius</h4>
Cassiopée et Zeus ont eu comme descendance Atymnius, qui n'a pas grand chose de remarquable si ce n'est qu'il a été aimé par son demi-frère Sarpedon.
<h4>Alcmène: Héracles</h4>
Héraclès, grand héros de la mythologie grecque et demi Dieu, est le fils de Zeus. Alcmène, une mortelle, est sa mère. Elle est la fille d'Electryon, un roi, lui même fils de Persée et Andromède. Zeus sauta Alcmène grâce à une de ses fameuses ruses: se présenter sous l'apparence de son mari d'alors, Amphitryon.
<h4>Europe: Radamantis, Sarpedon, Minos</h4>
Europe est une princesse phénicienne. Un jour, alors qu'elle glande à la plage, Zeus, comme par hasard croise son chemin. Pour ne pas se faire griller par Héra, son officielle d'alors ni effrayer la jolie princesse qu'il avise, il se transforme en taureau. Une fleur de Crocus dans la gueule lui permet de se faire remarquer par la belle. Elle s'en approche, puis finalement le chevauche. Leur balade dure jusqu'en Crète, à <a title=""Gortyne"" href=""https://maps.google.fr/maps?q=Gortyne+gr%C3%A8ce&amp;ie=UTF8&amp;oe=utf-8&amp;client=firefox-a&amp;hnear=Gortyne,+Nome+d%27H%C3%A9raklion,+Gr%C3%A8ce&amp;gl=fr&amp;t=h&amp;z=11&amp;iwloc=A"" target=""_blank"">Gortyne</a>, précisément. Il prend alors forme humaine pour mener à bien son projet initial à l'ombre d'un platane. Europe donna naissance à Radamantis, Minos et Sarpedon. Les deux premiers deviennent par la suite juges des enfers. Sarpedon préféra aller se la couler douce en Anatolie.
<h4>Danaé: Persée</h4>
[column size=""1-2"" last=""0"" style=""0""]
Zeus est le père de Persée, un des plus grand héros de la mythologie grecque. Pour se faire, il a du ambiancer la belle Danaé, fille d'Acrisios Roi d'Argos et d’Eurydice et la tâche ne fut pas aisée. Acrisios, croyant comme tout le monde oracles, a eu la trouille lorsqu'on lui annonça qu'il serait tué par son petit fils. Pour tenter de fuir son destin, ce qui en général le précipite, il enferme sa fille dans une tour d'airain. C'est alors que Zeus, sortant de ses tours de passes-passe habituels, se transforme en pluie d'or pour mener à bien son projet du moment: se faire la belle Danaé. Après la naissance de Persée, Acrisios qui flippe à mort, les jette dans une rivière, enfermés dans une malle. Ils survivent et le destin d'Acrisios vient frapper à sa porte, après les aventure de Persée, face à la Gorgone Méduse.
[/column]
[column size=""1-2"" last=""1"" style=""0""]
<img class=""aligncenter size-medium wp-image-745"" src=""http://www.genealogiedesdieuxgrecs.com/Genealogie_des_Dieux_grecs/wp-content/uploads/Zeus-Danae-Gustav-Klimt-300x278.jpg"" alt=""Zeus Danae Gustav Klimt"" width=""300"" height=""278"" />[/column]

En résumé, Zeus aurait sauté<strong> 20 gonzesses</strong>, titanides, déesses, nymphes, mortelles... Sachant qu'une descendance découle de ses ébats à chaque fois, de ce point de vue, on lui compte <strong>38 mômes</strong>. Ces derniers ont tous un coté divin plus ou moins affirmé. Héraclès par sa force par exemple, Radamantis qui devient juge des enfers... La destinée des enfants de Zeus est très diverse, comme l'atteste cet article. Il est uniquement basé sur les écrits de Hésiode. Tant la descendance que les aventures diffèrent selon les auteurs. Par exemple, chez Homère, Il a eu une aventure avec Thémis. Selon Homère, <a title=""Némésis"" href=""http://www.genealogiedesdieuxgrecs.com/Genealogie_des_Dieux_grecs/2011/03/nemesis/"">Némésis</a> est leur fille, avec laquelle il aurait d'ailleurs eu Hélène (de Troie)...

&nbsp;

http://www.genealogiedesdieuxgrecs.com/Genealogie_des_Dieux_grecs/2015/12/zeus-et-sa-descendance-avec-les-titanideshttp://www.genealogiedesdieuxgrecs.com/Genealogie_des_Dieux_grecs/2015/12/zeus-et-sa-descendance-avec-les-oceanides-et-les-nympheshttp://www.genealogiedesdieuxgrecs.com/Genealogie_des_Dieux_grecs/2015/12/zeus-et-sa-descendance-avec-les-mortelleshttp://www.genealogiedesdieuxgrecs.com/Genealogie_des_Dieux_grecs/2015/12/zeus-et-sa-descendance-avec-les-pleiadeshttp://www.genealogiedesdieuxgrecs.com/Genealogie_des_Dieux_grecs/2015/12/zeus-et-sa-descendance-avec-les-deesses","sauvegarde descendance de Zeus",,"draft","closed","open",,,,,"2015-12-03 01:31:28","0000-00-00 00:00:00",,"0","http://www.genealogiedesdieuxgrecs.com/Genealogie_des_Dieux_grecs/?p=1375","0","post",,"0"
"1377","2","2015-12-03 00:31:58","0000-00-00 00:00:00","Io, un super belle nana, un Nymphe. Bizarrement, pour contrer la jalousie de Héra, Io se vit transformée en vache. Ce qui selon votre humble auteur semble très bizarre comme ""amélioration"".

Avec Héra, c'est compliqué. Zeus et elle sont plus ou moins mari et femme. Ca lui pose de nombreux problème pour aller baiser celles qui le chantent. Donc il aime bien Io, cette jolie nymphe qu'il aime aller voir de temps en temps. Jusqu'au jour où il se fait griller par Héra, avec l'aide de la Balance de l'Olympe, Hélios.

Sur ce, Zeus décide de transformer Io en vache pour permettre de cacher leur amour.","io temporaire",,"draft","closed","open",,,,,"2015-12-03 00:31:58","0000-00-00 00:00:00",,"0","http://www.genealogiedesdieuxgrecs.com/Genealogie_des_Dieux_grecs/?p=1377","0","post",,"0"
"1531","2","2019-05-18 01:15:50","0000-00-00 00:00:00","<strong>ABANTES</strong>

<strong>Peuple de l'île d'Eubée qui a pris part à la guerre de Troie.</strong>

<iframe style=""border: 0;"" src=""https://www.google.com/maps/embed?pb=!1m18!1m12!1m3!1d1599023.4464561567!2d22.62737125010719!3d38.4855035746604!2m3!1f0!2f0!3f0!3m2!1i1024!2i768!4f13.1!3m3!1m2!1s0x14a6d54bd6f2ed59%3A0x5f0883918584cf6f!2zRXViw6llLCBHcsOoY2U!5e0!3m2!1sfr!2sfr!4v1508866400061"" width=""200"" height=""200"" frameborder=""0"" allowfullscreen=""allowfullscreen""></iframe>","Peuples",,"draft","closed","open",,,,,"2019-05-18 01:15:50","2019-05-17 23:15:50",,"0","http://www.genealogiedesdieuxgrecs.com/Genealogie_des_Dieux_grecs/?p=1531","0","post",,"0"
"1614","2","2017-11-19 15:36:24","0000-00-00 00:00:00","<h4>La maison d'Atrée</h4>
Famille funeste qui s'attire les foudres des Dieux, condamnant ses héritiers au delà de leur mort. Parmi les grands noms de cette famille, on trouve Agamemnon, Tantale, Iphigénie, Électre...
<h4>La maison Royale de Thèbes</h4>
&nbsp;
<h4>La maison Royale d'Athènes</h4>","Les grandes familles de la mythologie grecque",,"draft","closed","closed",,,,,"2017-11-19 15:36:24","0000-00-00 00:00:00",,"0","http://www.genealogiedesdieuxgrecs.com/Genealogie_des_Dieux_grecs/?p=1614","0","post",,"0"
"1617","2","2019-05-18 01:14:32","0000-00-00 00:00:00","<h2>La Titanomachie  ou la première version hardcore du complexe d'Oedipe.</h2>
Bien que le complexe d'Oedipe ne soit pas non plus une comédie romantique.

La titanomachie c'est en quelques mots le moment de la mythologie grecque ou les Déesses et les Dieux accompagnés de leurs monstres de frère et soeurs ont virés à coup de pompe dans le cul les Titanides et Titans dans le Tartare. Mis à Part quelques uns condamnés aux travaux forcés. <a href=""http://www.genealogiedesdieuxgrecs.com/Genealogie_des_Dieux_grecs/2011/03/atlas/"">Atlas</a>.
<h2>Les causes</h2>
xxx","La Titanomachie",,"draft","closed","closed",,"la-titanomachie",,,"2019-05-18 01:14:32","2019-05-17 23:14:32",,"0","http://www.genealogiedesdieuxgrecs.com/Genealogie_des_Dieux_grecs/?p=1617","0","post",,"0"
"1621","2","2018-01-22 21:59:11","0000-00-00 00:00:00","Tout commence par le chaos, duquel surgissent les quatre divinités primordiales qui engendrent tout le reste : Nyx, Erebe, Gaïa et Ouranos.

Ils engendrent alors des Titans, des Dieux infernaux et d'autres divinités primordiales violentes et belliqueuses. C'est le règne des Titans. L'immensité de leur personnification leur assure le statut de maîtres de l'univers. A priori incontesté et incontestable.

Puis vient Zeus et d'autres divinités, essentiellement des Dieux et des Déesses, dans un bordel familial innommable. A partir de la venue de Zeus, des autres Dieux et Déesses, les titans ont commencés à voir leur pouvoir diminuer. Alors que les Titans tiennent l'univers en place, les Olympiens se la coulent douce sur le mont éponyme en se croyant les maîtres du monde, les titans s'organisent ensembles, aussi crétins soient-ils (Cf. La ruse de Héraclès avec Atlas) veulent reprendre le pouvoir et montrer qui c'est le boss.

&nbsp;","Chronologie de l'histoire de la création du panthéon des divinités grecques",,"draft","closed","closed",,,,,"2018-01-22 21:59:11","0000-00-00 00:00:00",,"0","http://www.genealogiedesdieuxgrecs.com/Genealogie_des_Dieux_grecs/?p=1621","0","post",,"0"
"1829","2","2018-01-31 02:09:51","0000-00-00 00:00:00","<pre><a href=""http://www.genealogiedesdieuxgrecs.com/Genealogie_des_Dieux_grecs/2017/10/une-histoire-daraignee/"">Une histoire d’araignée</a>

<strong><a href=""http://www.genealogiedesdieuxgrecs.com/Genealogie_des_Dieux_grecs/2017/09/phaeton-fils-du-soleil-un-demi-dieu-peu-connu/"" rel=""bookmark"">Phaéton – un demi Dieu</a></strong>

<strong><a href=""http://www.genealogiedesdieuxgrecs.com/Genealogie_des_Dieux_grecs/2015/10/jason-et-la-toison-dor/"">JASON</a></strong>

<strong><a href=""http://www.genealogiedesdieuxgrecs.com/Genealogie_des_Dieux_grecs/2014/12/dedale-et-icare/"" rel=""bookmark"">Dédale et Icare</a></strong>

<strong><a href=""http://www.genealogiedesdieuxgrecs.com/Genealogie_des_Dieux_grecs/2014/05/midas/"" rel=""bookmark"">Midas</a></strong>

<strong><a href=""http://www.genealogiedesdieuxgrecs.com/Genealogie_des_Dieux_grecs/2011/10/la-guerre-de-troie/"" rel=""bookmark"">La guerre de Troie</a></strong>

<strong><a href=""http://www.genealogiedesdieuxgrecs.com/Genealogie_des_Dieux_grecs/2011/06/clytie-ou-lorigine-des-tournesols/"" rel=""bookmark"">Clytie ou l’origine des tournesols</a></strong></pre>","????",,"draft","closed","closed",,,,,"2018-01-31 02:09:51","0000-00-00 00:00:00",,"0","http://www.genealogiedesdieuxgrecs.com/Genealogie_des_Dieux_grecs/?p=1829","0","post",,"0"
"2164","2","2018-08-06 01:59:15","2018-08-05 23:59:15","Procris et Céphale sont heureux et amoureux, mais l'amour ne porte pas toujours chance lorsque l'on est des héros grecs
#LaVraieViedesHérosdelAntiquité par @giulia_sissa
#amour

https://t.co/wAmLxO5vRX https://t.co/lBXww2d5He","Procris et Cephale",,"draft","open","open",,"__trashed",,,"2018-08-06 02:01:01","2018-08-06 00:01:01",,"0","https://genealogiedesdieuxgrecs.com/Genealogie_des_Dieux_grecs/?p=2164","0","post",,"0"
"2168","1","2018-08-06 01:52:42","0000-00-00 00:00:00","<!-- wp:cover-image {""url"":""https://cldup.com/Fz-ASbo2s3.jpg"",""align"":""wide""} -->
<div class=""wp-block-cover-image has-background-dim alignwide"" style=""background-image:url(https://cldup.com/Fz-ASbo2s3.jpg)""><p class=""wp-block-cover-image-text"">Of Mountains &amp; Printing Presses</p></div>
<!-- /wp:cover-image -->

<!-- wp:paragraph -->
<p>The goal of this new editor is to make adding rich content to WordPress simple and enjoyable. This whole post is composed of <em>pieces of content</em>—somewhat similar to LEGO bricks—that you can move around and interact with. Move your cursor around and you'll notice the different blocks light up with outlines and arrows. Press the arrows to reposition blocks quickly, without fearing about losing things in the process of copying and pasting.</p>
<!-- /wp:paragraph -->

<!-- wp:paragraph -->
<p>What you are reading now is a <strong>text block</strong>, the most basic block of all. The text block has its own controls to be moved freely around the post...</p>
<!-- /wp:paragraph -->

<!-- wp:paragraph {""align"":""right""} -->
<p style=""text-align:right"">... like this one, which is right aligned.</p>
<!-- /wp:paragraph -->

<!-- wp:paragraph -->
<p>Headings are separate blocks as well, which helps with the outline and organization of your content.</p>
<!-- /wp:paragraph -->

<!-- wp:heading -->
<h2>A Picture is worth a Thousand Words</h2>
<!-- /wp:heading -->

<!-- wp:paragraph -->
<p>Handling images and media with the utmost care is a primary focus of the new editor. Hopefully, you'll find aspects of adding captions or going full-width with your pictures much easier and robust than before.</p>
<!-- /wp:paragraph -->

<!-- wp:image {""align"":""center""} -->
<figure class=""wp-block-image aligncenter""><img src=""https://cldup.com/cXyG__fTLN.jpg"" alt=""Beautiful landscape""/><figcaption>If your theme supports it, you'll see the ""wide"" button on the image toolbar. Give it a try.</figcaption></figure>
<!-- /wp:image -->

<!-- wp:paragraph -->
<p>Try selecting and removing or editing the caption, now you don't have to be careful about selecting the image or other text by mistake and ruining the presentation.</p>
<!-- /wp:paragraph -->

<!-- wp:heading -->
<h2>The <em>Inserter</em> Tool</h2>
<!-- /wp:heading -->

<!-- wp:paragraph -->
<p>Imagine everything that WordPress can do is available to you quickly and in the same place on the interface. No need to figure out HTML tags, classes, or remember complicated shortcode syntax. That's the spirit behind the inserter—the <code>(+)</code> button you'll see around the editor—which allows you to browse all available content blocks and add them into your post. Plugins and themes are able to register their own, opening up all sort of possibilities for rich editing and publishing.</p>
<!-- /wp:paragraph -->

<!-- wp:paragraph -->
<p>Go give it a try, you may discover things WordPress can already add into your posts that you didn't know about. Here's a short list of what you can currently find there:</p>
<!-- /wp:paragraph -->

<!-- wp:list -->
<ul><li>Text &amp; Headings</li><li>Images &amp; Videos</li><li>Galleries</li><li>Embeds, like YouTube, Tweets, or other WordPress posts.</li><li>Layout blocks, like Buttons, Hero Images, Separators, etc.</li><li>And <em>Lists</em> like this one of course :)</li></ul>
<!-- /wp:list -->

<!-- wp:separator -->
<hr class=""wp-block-separator""/>
<!-- /wp:separator -->

<!-- wp:heading -->
<h2>Visual Editing</h2>
<!-- /wp:heading -->

<!-- wp:paragraph -->
<p>A huge benefit of blocks is that you can edit them in place and manipulate your content directly. Instead of having fields for editing things like the source of a quote, or the text of a button, you can directly change the content. Try editing the following quote:</p>
<!-- /wp:paragraph -->

<!-- wp:quote -->
<blockquote class=""wp-block-quote""><p>The editor will endeavour to create a new page and post building experience that makes writing rich posts effortless, and has “blocks” to make it easy what today might take shortcodes, custom HTML, or “mystery meat” embed discovery.</p><cite>Matt Mullenweg, 2017</cite></blockquote>
<!-- /wp:quote -->

<!-- wp:paragraph -->
<p>The information corresponding to the source of the quote is a separate text field, similar to captions under images, so the structure of the quote is protected even if you select, modify, or remove the source. It's always easy to add it back.</p>
<!-- /wp:paragraph -->

<!-- wp:paragraph -->
<p>Blocks can be anything you need. For instance, you may want to add a subdued quote as part of the composition of your text, or you may prefer to display a giant stylized one. All of these options are available in the inserter.</p>
<!-- /wp:paragraph -->

<!-- wp:gallery {""columns"":2} -->
<ul class=""wp-block-gallery columns-2 is-cropped""><li class=""blocks-gallery-item""><figure><img src=""https://cldup.com/n0g6ME5VKC.jpg"" alt=""""/></figure></li><li class=""blocks-gallery-item""><figure><img src=""https://cldup.com/ZjESfxPI3R.jpg"" alt=""""/></figure></li><li class=""blocks-gallery-item""><figure><img src=""https://cldup.com/EKNF8xD2UM.jpg"" alt=""""/></figure></li></ul>
<!-- /wp:gallery -->

<!-- wp:paragraph -->
<p>You can change the amount of columns in your galleries by dragging a slider in the block inspector in the sidebar.</p>
<!-- /wp:paragraph -->

<!-- wp:heading -->
<h2>Media Rich</h2>
<!-- /wp:heading -->

<!-- wp:paragraph -->
<p>If you combine the new <strong>wide</strong> and <strong>full-wide</strong> alignments with galleries, you can create a very media rich layout, very quickly:</p>
<!-- /wp:paragraph -->

<!-- wp:image {""align"":""full""} -->
<figure class=""wp-block-image alignfull""><img src=""https://cldup.com/8lhI-gKnI2.jpg"" alt=""Accessibility is important don't forget image alt attribute""/></figure>
<!-- /wp:image -->

<!-- wp:paragraph -->
<p>Sure, the full-wide image can be pretty big. But sometimes the image is worth it.</p>
<!-- /wp:paragraph -->

<!-- wp:gallery {""align"":""wide""} -->
<ul class=""wp-block-gallery alignwide columns-2 is-cropped""><li class=""blocks-gallery-item""><figure><img src=""https://cldup.com/_rSwtEeDGD.jpg"" alt=""""/></figure></li><li class=""blocks-gallery-item""><figure><img src=""https://cldup.com/L-cC3qX2DN.jpg"" alt=""""/></figure></li></ul>
<!-- /wp:gallery -->

<!-- wp:paragraph -->
<p>The above is a gallery with just two images. It's an easier way to create visually appealing layouts, without having to deal with floats. You can also easily convert the gallery back to individual images again, by using the block switcher.</p>
<!-- /wp:paragraph -->

<!-- wp:paragraph -->
<p>Any block can opt into these alignments. The embed block has them also, and is responsive out of the box:</p>
<!-- /wp:paragraph -->

<!-- wp:core-embed/vimeo {""url"":""https://vimeo.com/22439234"",""type"":""video"",""providerNameSlug"":""vimeo"",""align"":""wide""} -->
<figure class=""wp-block-embed-vimeo alignwide wp-block-embed is-type-video is-provider-vimeo"">
https://vimeo.com/22439234
</figure>
<!-- /wp:core-embed/vimeo -->

<!-- wp:paragraph -->
<p>You can build any block you like, static or dynamic, decorative or plain. Here's a pullquote block:</p>
<!-- /wp:paragraph -->

<!-- wp:pullquote -->
<blockquote class=""wp-block-pullquote""><p>Code is Poetry</p><cite>The WordPress community</cite></blockquote>
<!-- /wp:pullquote -->

<!-- wp:paragraph {""align"":""center""} -->
<p style=""text-align:center""><em>If you want to learn more about how to build additional blocks, or if you are interested in helping with the project, head over to the <a href=""https://github.com/WordPress/gutenberg"">GitHub repository</a>.</em></p>
<!-- /wp:paragraph -->

<!-- wp:button {""align"":""center""} -->
<div class=""wp-block-button aligncenter""><a class=""wp-block-button__link"" href=""https://github.com/WordPress/gutenberg"">Help build Gutenberg</a></div>
<!-- /wp:button -->

<!-- wp:separator -->
<hr class=""wp-block-separator""/>
<!-- /wp:separator -->

<!-- wp:paragraph {""align"":""center""} -->
<p style=""text-align:center"">Thanks for testing Gutenberg!</p>
<!-- /wp:paragraph -->

<!-- wp:paragraph {""align"":""center""} -->
<p style=""text-align:center""><img draggable=""false"" class=""emoji"" alt=""?"" src=""https://s.w.org/images/core/emoji/2.3/svg/1f44b.svg""/></p>
<!-- /wp:paragraph -->","Welcome to the Gutenberg Editor",,"draft","open","open",,,,,"2018-08-06 01:52:42","2018-08-05 23:52:42",,"0","https://genealogiedesdieuxgrecs.com/Genealogie_des_Dieux_grecs/?p=2168","0","post",,"0"
"2171","2","2018-08-06 02:00:04","2018-08-06 00:00:04","<!-- wp:paragraph -->
<p>Tout d'abord, cette histoire est liée à celle plus ésotérique de l'aventure entre Procris et Eos. L'Aurore. </p>
<!-- /wp:paragraph -->

<!-- wp:paragraph -->
<p>Cette histoire invoque des mortels qui se sont envoyés en l'air avec des divinités. <br/></p>
<!-- /wp:paragraph -->","Procris et Cephale",,"draft","open","open",,,,,"2018-08-06 02:01:25","2018-08-06 00:01:25",,"0","https://genealogiedesdieuxgrecs.com/Genealogie_des_Dieux_grecs/?p=2171","0","post",,"0"
"2228","1","2018-09-02 18:51:20","0000-00-00 00:00:00","<!-- wp:paragraph -->
<p>Médée, la nana de Jason qui par amour l'a aidé à s'emparer de la toison d'or, sans qui il n'aurait jamais pu mener à bien sa mission. <br/>Déjanire, elle était la dernière femme mortelle de Héraclès, trahie par sa jalousie. <br/>Pénélope, femme exceptionnelle qui a attendu son mari Ulysse pendant 20 ans en protégeant son trône et elle même. <br/>Agamemnon, héros et chef de guerre du coté des grecs lors de la guerre de Troie.<br/>Andromaque, la veuve d'Hector, qui se voua à protéger son fils. <br/>Hector, Le fils de Priam et Funeste Héros de la guerre de Troie.  <br/></p>
<!-- /wp:paragraph -->","heros suite",,"draft","closed","closed",,,,,"2018-09-02 18:51:20","2018-09-02 16:51:20",,"0","https://genealogiedesdieuxgrecs.com/Genealogie_des_Dieux_grecs/?p=2228","0","post",,"0"
"2254","1","2018-10-23 09:08:43","2018-10-23 07:08:43","<!-- wp:paragraph -->
<p>Cet article cite les principaux genres de divinité, avec les Déesse, le Dieux, les Titans, les divinités primordiales... Ici c'est le détail qui compte avec les Hécatonchires, les Cyclopes, les Géants, les Moires, ... </p>
<!-- /wp:paragraph -->

<!-- wp:paragraph -->
<p>Ainsi, la liste des types de créature divines de la mythologie grecque : </p>
<!-- /wp:paragraph -->

<!-- wp:paragraph -->
<p>Déesse / Dieux : <br/></p>
<!-- /wp:paragraph -->

<!-- wp:paragraph -->
<p>Titanide / Titan : </p>
<!-- /wp:paragraph -->

<!-- wp:paragraph -->
<p>Hécatochires : </p>
<!-- /wp:paragraph -->

<!-- wp:paragraph -->
<p>Géants :</p>
<!-- /wp:paragraph -->

<!-- wp:paragraph -->
<p>Cyclopes :</p>
<!-- /wp:paragraph -->

<!-- wp:paragraph -->
<p>Oneiroi :<br/></p>
<!-- /wp:paragraph -->

<!-- wp:paragraph -->
<p>Nymphes : </p>
<!-- /wp:paragraph -->

<!-- wp:paragraph -->
<p>Erynines : </p>
<!-- /wp:paragraph -->

<!-- wp:paragraph -->
<p>Méliades : </p>
<!-- /wp:paragraph -->

<!-- wp:paragraph -->
<p>Pléiades : </p>
<!-- /wp:paragraph -->

<!-- wp:paragraph -->
<p>Héspérides : </p>
<!-- /wp:paragraph -->

<!-- wp:paragraph -->
<p>Naiades : </p>
<!-- /wp:paragraph -->

<!-- wp:paragraph -->
<p>Néréides : </p>
<!-- /wp:paragraph -->

<!-- wp:paragraph -->
<p>Muses : </p>
<!-- /wp:paragraph -->

<!-- wp:paragraph -->
<p>Héros : </p>
<!-- /wp:paragraph -->

<!-- wp:paragraph -->
<p>Centaures : </p>
<!-- /wp:paragraph -->

<!-- wp:paragraph -->
<p>Gorgones : </p>
<!-- /wp:paragraph -->

<!-- wp:paragraph -->
<p>Pégase : </p>
<!-- /wp:paragraph -->

<!-- wp:paragraph -->
<p>Mortel : <br/></p>
<!-- /wp:paragraph -->","Tous les types de monstres de la mythologie grecque",,"draft","closed","closed",,,,,"2018-10-23 09:09:46","2018-10-23 07:09:46",,"0","https://genealogiedesdieuxgrecs.com/Genealogie_des_Dieux_grecs/?p=2254","0","post",,"0"
"2333","2","2019-08-29 01:14:15","0000-00-00 00:00:00","<!-- wp:paragraph -->
<p>https://www.starmythworld.com/mathisencorollary/2019/2/23/ancient-mosaic-with-esoteric-celestial-elements-discovered-during-recent-pompeii-excavations</p>
<!-- /wp:paragraph -->

<!-- wp:paragraph -->
<p></p>
<!-- /wp:paragraph -->","Orion, un violeur transformé en constellation",,"draft","closed","closed",,,,,"2019-08-29 01:14:15","2019-08-28 23:14:15",,"0","https://genealogiedesdieuxgrecs.com/Genealogie_des_Dieux_grecs/?p=2333","0","post",,"0"
"2385","2","2021-08-16 23:39:13","0000-00-00 00:00:00",,"Pégase",,"draft","closed","closed",,,,,"2021-08-16 23:39:13","2021-08-16 21:39:13",,"0","https://genealogiedesdieuxgrecs.com/Genealogie_des_Dieux_grecs/?p=2385","0","post",,"0"
"2392","2","2020-10-27 14:37:34","0000-00-00 00:00:00","<!-- wp:paragraph -->
<p>Cet article est centré sur le nom des planètes et de leurs satellites issus de la mythologie. </p>
<!-- /wp:paragraph -->

<!-- wp:paragraph -->
<p>Ces noms sont en général issu de la mythologie romaine. Nous allons ici présenter les correspondances entre ces noms romains et leur équivalent grec. L'idée est de parler autant des planètes que de leurs satellites. </p>
<!-- /wp:paragraph -->

<!-- wp:paragraph -->
<p></p>
<!-- /wp:paragraph -->","Divinités célestes",,"draft","closed","closed",,,,,"2020-10-27 14:37:34","2020-10-27 13:37:34",,"0","https://genealogiedesdieuxgrecs.com/Genealogie_des_Dieux_grecs/?p=2392","0","post",,"0"
"2398","2","2021-07-27 10:44:47","0000-00-00 00:00:00","<!-- wp:paragraph -->
<p>Il existe des croyances au sujet de la mythologie grecque qui sont assez fausse. Cet article en propose quelques unes. </p>
<!-- /wp:paragraph -->

<!-- wp:paragraph -->
<p>Zeus n'est pas le Dieu qui domine tous les autres, Pandore n'a ouvert aucune boite, pleins de petites erreurs qui accompagnent ces mythes ""officiels"" de la mythologie grecque. </p>
<!-- /wp:paragraph -->

<!-- wp:heading -->
<h2>Zeus était omnipotent </h2>
<!-- /wp:heading -->

<!-- wp:paragraph -->
<p>On pourrait se dire qu'en tant que Dieu, il est intouchable. Or c'est faux, car comme tout être, divin ou non, il est soumis au destin. Et la  destinée est maîtrisée par les Moires.  </p>
<!-- /wp:paragraph -->

<!-- wp:heading -->
<h2>Pandore et sa boite</h2>
<!-- /wp:heading -->

<!-- wp:paragraph -->
<p>Quelques pages intéressantes liées : <a rel=""noreferrer noopener"" href=""https://femmesetdeesses.wordpress.com/2016/01/31/la-boite-de-pandore/"" target=""_blank"">Liens1</a> ; </p>
<!-- /wp:paragraph -->

<!-- wp:paragraph -->
<p>On parle de la boite Pandore, c'est l'appellation qui reste aujourd'hui. Au lieu d'une boite, c'est une jarre que Pandore ouvrit pour libérer les maux et un peu d'espoir. <a href=""https://genealogiedesdieuxgrecs.com/Genealogie_des_Dieux_grecs/2011/03/pandore/"">Voir le mythe</a>. </p>
<!-- /wp:paragraph -->

<!-- wp:heading -->
<h2>Mythologie grecque versus Romaine</h2>
<!-- /wp:heading -->

<!-- wp:paragraph -->
<p>Il est bien connu que ces deux théogonie sont très proches. Beaucoup de divinités grecques ont été intégrées dans leur panorama des divinités. </p>
<!-- /wp:paragraph -->

<!-- wp:paragraph -->
<p>Il y aurait une approche différente de l'après par les grecs et les romains. Les grecs semblent moins se soucier de ce que leur réserve l'après alors que les romains sont plus convaincus que si ils sont moins pieux ils seront moins méritants... (Source à retrouver désolé) </p>
<!-- /wp:paragraph -->

<!-- wp:heading -->
<h2>Il n'y a pas 12 olympiens exactement</h2>
<!-- /wp:heading -->

<!-- wp:paragraph -->
<p>Il y en a eu 38 en tout. <a href=""https://genealogiedesdieuxgrecs.com/Genealogie_des_Dieux_grecs/2017/01/liste-deesses-dieux-mythologie-grecque/"">Cf cette page</a>. </p>
<!-- /wp:paragraph -->","Fake News dans la mythologie grecque",,"draft","closed","closed",,,,,"2021-07-27 10:44:47","2021-07-27 08:44:47",,"0","https://genealogiedesdieuxgrecs.com/Genealogie_des_Dieux_grecs/?p=2398","0","post",,"0"
"2411","2","2021-07-31 18:05:31","0000-00-00 00:00:00","<!-- wp:paragraph -->
<p>On va s'intéresser ici à un des héritages de la mythologie grecque qui a encore court dans notre civilisation pourtant éclairée. Spoiler alert : cet article va certainement chatouiller les susceptibilités des croyances ésotériques et autres pratiques charlatanismes. </p>
<!-- /wp:paragraph -->

<!-- wp:paragraph -->
<p>Sauf qu'à l'époque, on croyait plus en la magie qu'en la science. On a compris aujourd'hui que la magie c'est la science qui fonctionne. Faire décoller des fusées, voler des avions, communiquer instantanément avec le reste du monde... Qui pourrait paraître divin il y a plus de 4 000 ans. </p>
<!-- /wp:paragraph -->

<!-- wp:paragraph -->
<p>Tout cela n'empêche pas aujourd'hui que ces multiples croyances aient encore des adeptes. En ce début de ce troisième millénaire, on voit poindre un élan ésotérique assez fort, avec différentes croyances plus ou moins dangereuses, pratiques encore courantes dans nos sociétés modernes. Ce besoin d'ésotérisme, d'occulte est quelque chose qui transcende les siècles et nous habite. Selon des études scientifiques, il semblerait que nous soyons toutes et tous plus ou moins sensibles au ""mysticisme"" presque jusque dans nos gênes. Par exemple, le proverbe Uduk suivant : ""Les arbres se souviennent des conversations tenues à l'ombre de leur feuillages"" évoque forcément des sentiments d'irréel et de ""divin"" ais-je envie d'ajouter. Voir Dean Hamer, qui publia en 2004 un livre nommé Le Gène de Dieu ou <a href=""https://fr.wikipedia.org/wiki/G%C3%A8ne_de_Dieu"">ici si vous avez la flemme</a>. </p>
<!-- /wp:paragraph -->

<!-- wp:paragraph -->
<p>Parenthèse : que je puisse croire que l'humain ait une prédisposition à la croyance ne fait pas de moi quelqu'un de croyant !!!</p>
<!-- /wp:paragraph -->

<!-- wp:paragraph -->
<p>Pour revenir à la mythologie grecque, les oracles les plus connus sont comme des rock stars de l'époque. De l'oracle de Delphes, à Cassandre on voit qu'une part de mythe existe dans ces croyances qui durent. </p>
<!-- /wp:paragraph -->

<!-- wp:heading {""level"":1} -->
<h1>Déesses et Dieux ne sont pas les plus puissants</h1>
<!-- /wp:heading -->

<!-- wp:paragraph -->
<p>Les divinités les plus puissantes, sont celles qui maîtrisent le destin : les moires. Les trois tisseuses du destin sont celles aux quelles tout le monde vouent peurs, croyances et soumission. </p>
<!-- /wp:paragraph -->

<!-- wp:paragraph -->
<p>Qui maîtrise le destin est maître de tout. Nous y sommes tous soumis aveuglément. Pour ceux qui y croient. Croire au libre arbitre est la seule manière de ne pas se soumettre au destin. </p>
<!-- /wp:paragraph -->

<!-- wp:paragraph -->
<p>On voit bien que quiconque essaie d'y échapper est brutalement rattrapé par son destin. Si tant est qu'on y croit, encore une fois. <a href=""https://genealogiedesdieuxgrecs.com/Genealogie_des_Dieux_grecs/2014/04/persee/"">Persée</a>, etc. </p>
<!-- /wp:paragraph -->

<!-- wp:paragraph -->
<p>Ainsi, toutes les divinités sont soumises aux choix des moires. Par conséquent personne ne pouvait savoir sa destinée à l'avance, d'où l'utilité des oracles. La version moderne serait l'astrologie ou la voyance, qui fonctionne tout aussi bien qu'à l'époque. Spoiler : pas du tout. </p>
<!-- /wp:paragraph -->

<!-- wp:heading {""level"":1} -->
<h1>Finalement rien à voir avec les Moires</h1>
<!-- /wp:heading -->

<!-- wp:paragraph -->
<p>On ne peut pas vraiment dire ça, mais chaque Oracle, qu'il soit divin ou humain, n'a pas de liens avec les Moires pour avoir des bons plans. Ces Oracles prédisent des choses que seuls quelques initiés peuvent comprendre, sans que l'on ne sache d'où cela vient. </p>
<!-- /wp:paragraph -->

<!-- wp:heading {""level"":1} -->
<h1> Cassandre</h1>
<!-- /wp:heading -->

<!-- wp:paragraph -->
<p>Le mythe de Cassandre a ici toute sa place. Spoiler alert  : Cassandre avait la faculté de prédire l'avenir, mais le défaut de ne pouvoir convaincre personne. </p>
<!-- /wp:paragraph -->

<!-- wp:paragraph -->
<p>D'une très grande beauté, à telle point qu'elle était comparée à Aphrodite. Une funeste beauté : elle voit ses prétendants mourir les uns après les autres. </p>
<!-- /wp:paragraph -->

<!-- wp:paragraph -->
<p>Une histoire de cul qui s'est mal passée entre elle et Apollon, genre elle lui a fait croire qu'elle l'aimerait mais s'est foutue de sa gueule. Apollon, Dieu très susceptible, se venge en lui crachant dans la bouche, la condamnant ainsi à ce que plus personne ne la croit. </p>
<!-- /wp:paragraph -->

<!-- wp:paragraph -->
<p>Dans le détail, elle supplie Apollon de lui révéler les secrets de la divinations en échange de son amour. Or une fois la formation finie, elle ne lui donne qu'un baisers et lui disant en gros d'aller se faire foutre. Ce qu'il prend mal et décide de lui cracher dans la bouche, lui enlevant tout pouvoir de persuasion. </p>
<!-- /wp:paragraph -->

<!-- wp:paragraph -->
<p>Plusieurs de ses prophéties se sont réalisées et avant chaque révélation elle subissait une crise d'épilepsie. </p>
<!-- /wp:paragraph -->

<!-- wp:paragraph -->
<p>Vous trouverez sur Cassandre les différentes parties de l'histoire non citées ici par exemple sur <a href=""https://en.wikipedia.org/wiki/Cassandra"">wikipédia</a> ou encore <a href=""https://mythologica.fr/grec/cassandre.htm"">ici</a>. </p>
<!-- /wp:paragraph -->

<!-- wp:paragraph -->
<p>Quoi qu'il en soit Cassandre a été la référence en matière de qualité de ses prédictions. </p>
<!-- /wp:paragraph -->

<!-- wp:paragraph -->
<p>Un autre oracle, la Pythie. </p>
<!-- /wp:paragraph -->

<!-- wp:heading {""level"":1} -->
<h1>La Pythie, Oracle du temple d'Apollon</h1>
<!-- /wp:heading -->

<!-- wp:paragraph -->
<p>Cet autre Oracle est une personne choisie par un collège de théologiens de l'époque, une jeune fille de préférence qui entrait en transe et donnait ses prophéties selon des rituels dont on ne peut imaginer le déroulement si ce n'est en lisant les témoignages de Plutarque que l'on peut vaguement imaginer ce que ce fut!</p>
<!-- /wp:paragraph -->","Oracles et divination dans la Grèce antique","Les oracles et autres prédicateurs du passés, des stars pour les croyants de l'époque, qui révélaient le futur, par exemple dans les entrailles des animaux","draft","closed","closed",,,,,"2021-07-31 18:05:31","2021-07-31 16:05:31",,"0","https://genealogiedesdieuxgrecs.com/Genealogie_des_Dieux_grecs/?p=2411","0","post",,"0"
